0,INDIA Gypsum Point,"Sohna Road, Sohna .. |",07947211469
1,Mittal Trading Co,Near Madhuban Chow.. |,07947220516
2,Hindustan Marble House & Hi..,"Budh Chowk, Vasund.. |",07947211357
3,Swadeshi Bharat,"Naya Bazar, Chandn.. |",07947219825
4,Anandtraders Depot Pvt Ltd,National Highway 8.. |,07947210024
5,Rudra Bath & Kitchen Galler..,"Noida Sector 49, N.. |",07947225193
6,Global Sourcing Company,"Defense Colony, Ko.. |",07947212235
7,Ankur Interio,"C 34, Noida Sector.. |",+(91)-9910054194
8,Shiv Shakti Traders,Main Gautam Puri R.. |,07947174793
9,Bauenguru India Pvt Ltd,"ambala, Mahesh Nagar, Amba.. |",+(91)-7082910032
10,La Ceramica,"Ring Road, Rajouri.. |",+(91)-9999532357
11,Swastik Bath Collection Pvt..,"Plot Number 7, Dwa.. |",+(91)-11-43012800
12,Shri Ram Plywood Co,"Ram Singh Marg, Ki.. |",+(91)-011-25454037
13,Somany Tiles Shop,"III D 12, Nehru Na.. |",+(91)-9868081323
14,Navyug Traders,"Whs Timber Market,.. |",+(91)-9871398112
15,Saini Plywood House,"Main Road, Kotla M.. |",+(91)-011-24625059
16,Ceramique Point South,"Nagar Road, Kotla .. |",+(91)-11-24653599
17,Greyicon Interiors & Decors..,"Street Number 1, M.. |",+(91)-8800698282
18,King Point,"Main Road, Jagat P.. |",+(91)-011-42197020
19,Tulsi Marbles,Near Delhi Jal Boa.. |,+(91)-11-26641158
